{
    "img":"assets/img/blog/blog-1.jpg",
    "title": "Dolorum optio tempore voluptas dignissimos cumque fuga qui quibusdam quia",
    "iconperson": "bi bi-person",
    "iconpersontext": "John Doe",
    "icontextlink":"/blog-details",
    "iconclock":"bi bi-clock",
    "iconclocktext": "Jan 1, 2022",
    "iconchetdot": "bi bi-chat-dots",
    "iconchetdottext": "12 Comments",
    "contentdesc1": "Similique neque nam consequuntur ad non maxime aliquam quas. Quibusdam animi praesentium. Aliquam et laboriosam eius aut nostrum quidem aliquid dicta. Et eveniet enim. Qui velit est ea dolorem doloremque deleniti aperiam unde soluta. Est cum et quod quos aut ut et sit sunt. Voluptate porro consequatur assumenda perferendis dolore.",
    "contentdesc2":"Sit repellat hic cupiditate hic ut nemo. Quis nihil sunt non reiciendis. Sequi in accusamus harum vel aspernatur. Excepturi numquam nihil cumque odio. Et voluptate cupiditate.",
    "blockquote": "Et vero doloremque tempore voluptatem ratione vel aut. Deleniti sunt animi aut. Aut eos aliquam doloribus minus autem quos.",
    "contentdesc3":"Sed quo laboriosam qui architecto. Occaecati repellendus omnis dicta inventore tempore provident voluptas mollitia aliquid. Id repellendus quia. Asperiores nihil magni dicta est suscipit perspiciatis. Voluptate ex rerum assumenda dolores nihil quaerat. Dolor porro tempora et quibusdam voluptas. Beatae aut at ad qui tempore corrupti velit quisquam rerum. Omnis dolorum exercitationem harum qui qui blanditiis neque. Iusto autem itaque. Repudiandae hic quae aspernatur ea neque qui. Architecto voluptatem magni. Vel magnam quod et tempora deleniti error rerum nihil tempora.",
    "contenttitle": "Et quae iure vel ut odit alias.",
    "contentdesc4": "Officiis animi maxime nulla quo et harum eum quis a. Sit hic in qui quos fugit ut rerum atque. Optio provident dolores atque voluptatem rem excepturi molestiae qui. Voluptatem laborum omnis ullam quibusdam perspiciatis nulla nostrum. Voluptatum est libero eum nesciunt aliquid qui. Quia et suscipit non sequi. Maxime sed odit. Beatae nesciunt nesciunt accusamus quia aut ratione aspernatur dolor. Sint harum eveniet dicta exercitationem minima. Exercitationem omnis asperiores natus aperiam dolor consequatur id ex sed. Quibusdam rerum dolores sint consequatur quidem ea. Beatae minima sunt libero soluta sapiente in rem assumenda. Et qui odit voluptatem. Cum quibusdam voluptatem voluptatem accusamus mollitia aut atque aut.",
    "contentimg": "assets/img/blog/blog-inside-post.jpg",
    "contenttitle1": "Ut repellat blanditiis est dolore sunt dolorum quae.",
    "contentdesc5": "Rerum ea est assumenda pariatur quasi et quam. Facilis nam porro amet nostrum. In assumenda quia quae a id praesentium. Quos deleniti libero sed occaecati aut porro autem. Consectetur sed excepturi sint non placeat quia repellat incidunt labore. Autem facilis hic dolorum dolores vel. Consectetur quasi id et optio praesentium aut asperiores eaque aut. Explicabo omnis quibusdam esse. Ex libero illum iusto totam et ut aut blanditiis. Veritatis numquam ut illum ut a quam vitae.",
    "contentdesc6":"Alias quia non aliquid. Eos et ea velit. Voluptatem maxime enim omnis ipsa voluptas incidunt. Nulla sit eaque mollitia nisi asperiores est veniam.",
    "iconfolder": "bi bi-folder",
    "iconfoldertext": "Business",
    "icontags": "bi bi-tags",
    "icontagstext1": "Creative",
    "icontagstext2": "Tips",
    "icontagstext3":"Marketing",
    "href": "#"


}