[
    {
        "class": "comment",
        "src": "assets/img/blog/comments-1.jpg",
        "linktext": "Georgia Reader",
        "iconfill": "bi bi-reply-fill",
        "iconfilltext": "Reply",
        "date": "01 Jan,2022",
        "desc" : "Et rerum totam nisi. Molestiae vel quam dolorum vel voluptatem et et. Est ad aut sapiente quis molestiae est qui cum soluta. Vero aut rerum vel. Rerum quos laboriosam placeat ex qui. Sint qui facilis et."
    },
    {
        "class": "comment",
        "src": "assets/img/blog/comments-2.jpg",
        "linktext": "Aron Alvarado ",
        "iconfill": "bi bi-reply-fill",
        "iconfilltext": "Reply",
        "date": "01 Jan,2022",
        "desc" : "Et rerum totam nisi. Molestiae vel quam dolorum vel voluptatem et et. Est ad aut sapiente quis molestiae est qui cum soluta. Vero aut rerum vel. Rerum quos laboriosam placeat ex qui. Sint qui facilis et."
    },
    {
        "class": "comment comment-reply",
        "src": "assets/img/blog/comments-3.jpg",
        "linktext": "Lynda Small",
        "iconfill": "bi bi-reply-fill",
        "iconfilltext": "Reply",
        "date": "01 Jan,2022",
        "desc" : "Enim ipsa eum fugiat fuga repellat. Commodi quo quo dicta. Est ullam aspernatur ut vitae quia mollitia id non. Qui ad quas nostrum rerum sed necessitatibus aut est. Eum officiis sed repellat maxime vero nisi natus. Amet nesciunt nesciunt qui illum omnis est et dolor recusandae. Recusandae sit ad aut impedit et. Ipsa labore dolor impedit et natus in porro aut. Magnam qui cum. Illo similique occaecati nihil modi eligendi. Pariatur distinctio labore omnis incidunt et illum. Expedita et dignissimos distinctio laborum minima fugiat. Libero corporis qui. Nam illo odio beatae enim ducimus. Harum reiciendis error dolorum non autem quisquam vero rerum neque."
    },
    {
        "class": "comment comment-reply marginbox",
        "src": "assets/img/blog/comments-4.jpg",
        "linktext": "Sianna Ramsay",
        "iconfill": "bi bi-reply-fill",
        "iconfilltext": "Reply",
        "date": "01 Jan,2022",
        "desc" : "Et dignissimos impedit nulla et quo distinctio ex nemo. Omnis quia dolores cupiditate et. Ut unde qui eligendi sapiente omnis ullam. Placeat porro est commodi est officiis voluptas repellat quisquam possimus. Perferendis id consectetur necessitatibus."
    },
    {
        "class": "comment",
        "src": "assets/img/blog/comments-5.jpg",
        "linktext": "Nolan Davidson",
        "iconfill": "bi bi-reply-fill",
        "iconfilltext": "Reply",
        "date": "01 Jan,2022",
        "desc" : "Distinctio nesciunt rerum reprehenderit sed. Iste omnis eius repellendus quia nihil ut accusantium tempore. Nesciunt expedita id dolor exercitationem aspernatur aut quam ut. Voluptatem est accusamus iste at. Non aut et et esse qui sit modi neque. Exercitationem et eos aspernatur. Ea est consequuntur officia beatae ea aut eos soluta. Non qui dolorum voluptatibus et optio veniam. Quam officia sit nostrum dolorem."
    },
    {
        "class": "comment",
        "src": "assets/img/blog/comments-6.jpg",
        "linktext": "Kay Duggan",
        "iconfill": "bi bi-reply-fill",
        "iconfilltext": "Reply",
        "date": "01 Jan,2022",
        "desc" : "Dolorem atque aut. Omnis doloremque blanditiis quia eum porro quis ut velit tempore. Cumque sed quia ut maxime. Est ad aut cum. Ut exercitationem non in fugiat."
    }
]