[
    {
        "contactclass": "col-lg-6", 
        "contamapicon":"bi bi-map",
        "contatilte": "Our Address",
        "contadesc": "A108 Adam Street, New York, NY 535022"
    },
    {
        "contactclass": "col-lg-3 col-md-6",
        "contamapicon":"bi bi-envelope",
        "contatilte": "Email Us",
        "contadesc": "contact@example.com"
    },
    {
        "contactclass": "col-lg-3 col-md-6",
        "contamapicon":"i bi-telephone",
        "contatilte": "Call Us",
        "contadesc": "+1 5589 55488 55"
    }

]