[
    {
        "counstboximg": "assets/img/constructions-1.jpg",
        "counstboxtitle": "Eligendi omnis sunt veritatis.",
        "counstboxdesc": "Fuga in dolorum et iste et culpa. Commodi possimus nesciunt modi voluptatem placeat deleniti adipisci. Cum delectus doloribus non veritatis. Officia temporibus illo magnam. Dolor eos et."

    },
    {
        "counstboximg": "assets/img/constructions-2.jpg",
        "counstboxtitle": "Possimus ut sed velit assumenda",
        "counstboxdesc": "Sunt deserunt maiores voluptatem autem est rerum perferendis rerum blanditiis. Est laboriosam qui iste numquam laboriosam voluptatem architecto. Est laudantium sunt at quas aut hic. Eum dignissimos."

    },
    {
        "counstboximg": "assets/img/constructions-3.jpg",
        "counstboxtitle": "Error beatae dolor inventore aut",
        "counstboxdesc": "Dicta porro nobis. Velit cum in. Nesciunt dignissimos enim molestiae facilis numquam quae quaerat ipsam omnis. Neque debitis ipsum at architecto officia laboriosam odit. Ut sunt temporibus nulla culpa."

    },
    {
        "counstboximg": "assets/img/constructions-4.jpg",
        "counstboxtitle": "Expedita voluptas ut ut nesciunt",
        "counstboxdesc": "Aut est quidem doloremque voluptatem magnam quis excepturi vero quia. Eum eos doloremque architecto illo at beatae dolore. Fugiat suscipit et sint ratione dolores. Aut aliquid ea dolores libero nobis."

    }
]