[
    {
        "class": "",
        "routerlink": "/" ,
        "routerlinkactive": "",
        "menu": "Home"
    },
    {
        "class": "",
        "routerlink": "/about" ,
        "routerlinkactive": "active",
        "menu": "About"
    },
    {
        "class": "",
        "routerlink": "/services" ,
        "routerlinkactive": "active",
        "menu": "Services"
    },
    {
        "class": "",
        "routerlink": "/projects" ,
        "routerlinkactive": "active",
        "menu": "Projects"
    },
    {
        "class": "",
        "routerlink": "/" ,
        "routerlinkactive": "active",
        "menu": "Dropdown"
    },
    {
        "class": "dropdown",
        "routerlink": "/blog" ,
        "routerlinkactive": "active",
        "menu": "Blog"
    },
    {
        "class": "",
        "routerlink": "/contact" ,
        "routerlinkactive": "active",
        "menu": "Contact"
    }

]