[
    {
        "index":"remodeling",
        "class": "col-lg-4 col-md-6 portfolio-item filter-remodeling",
        "img": "assets/img/projects/remodeling-1.jpg",
        "head": "Remodeling 1",
        "desc": "Lorem ipsum, dolor sit amet consectetur",
        "hrefimg": "assets/img/projects/remodeling-1.jpg",
        "iconzoom": "bi bi-zoom-in",
        "href": "projects/project-details",
        "iconlink": "bi bi-link-45deg"

    },
    {
        "index":"construction",
        "class": "col-lg-4 col-md-6 portfolio-item filter-construction",
        "img": "assets/img/projects/construction-1.jpg",
        "head": "Construction 1",
        "desc": "Lorem ipsum, dolor sit amet consectetur",
        "hrefimg": "assets/img/projects/construction-1.jpg",
        "iconzoom": "bi bi-zoom-in",
        "href": "/project-details",
        "iconlink": "bi bi-link-45deg"
    },
    {
        "index":"repairs",
        "class": "col-lg-4 col-md-6 portfolio-item filter-repairs",
        "img": "assets/img/projects/repairs-1.jpg",
        "head": "Repairs 1",
        "desc": "Lorem ipsum, dolor sit amet consectetur",
        "hrefimg": "assets/img/projects/repairs-1.jpg",
        "iconzoom": "bi bi-zoom-in",
        "href": "/project-details",
        "iconlink": "bi bi-link-45deg"
    },
    {
        "index":"design",
        "class": "col-lg-4 col-md-6 portfolio-item filter-design",
        "img": "assets/img/projects/design-1.jpg",
        "head": "Design 1",
        "desc": "Lorem ipsum, dolor sit amet consectetur",
        "hrefimg": "assets/img/projects/design-1.jpg",
        "iconzoom": "bi bi-zoom-in",
        "href": "/project-details",
        "iconlink": "bi bi-link-45deg"
    },
    {
        "index":"remodeling",
        "class": "col-lg-4 col-md-6 portfolio-item filter-remodeling",
        "img": "assets/img/projects/remodeling-2.jpg",
        "head": "Remodeling 2",
        "desc": "Lorem ipsum, dolor sit amet consectetur",
        "hrefimg": "assets/img/projects/remodeling-2.jpg",
        "iconzoom": "bi bi-zoom-in",
        "href": "/project-details",
        "iconlink": "bi bi-link-45deg"
    },
    {
        "index":"construction",
        "class": "col-lg-4 col-md-6 portfolio-item filter-construction",
        "img": "assets/img/projects/construction-2.jpg",
        "head": "Construction 2",
        "desc": "Lorem ipsum, dolor sit amet consectetur",
        "hrefimg": "assets/img/projects/construction-2.jpg",
        "iconzoom": "bi bi-zoom-in",
        "href": "/project-details",
        "iconlink": "bi bi-link-45deg"
    },
    {
        "index":"repairs",
        "class": "col-lg-4 col-md-6 portfolio-item filter-repairs",
        "img": "assets/img/projects/repairs-2.jpg",
        "head": "Repairs 2",
        "desc": "Lorem ipsum, dolor sit amet consectetur",
        "hrefimg": "assets/img/projects/repairs-2.jpg",
        "iconzoom": "bi bi-zoom-in",
        "href": "/project-details",
        "iconlink": "bi bi-link-45deg"
    },
    {
        "index":"design",
        "class": "col-lg-4 col-md-6 portfolio-item filter-design",
        "img": "assets/img/projects/design-2.jpg",
        "head": "Design 2",
        "desc": "Lorem ipsum, dolor sit amet consectetur",
        "hrefimg": "assets/img/projects/design-2.jpg",
        "iconzoom": "bi bi-zoom-in",
        "href": "/project-details",
        "iconlink": "bi bi-link-45deg"
    },
    {
        "index":"remodeling",
        "class": "col-lg-4 col-md-6 portfolio-item filter-remodeling",
        "img": "assets/img/projects/remodeling-3.jpg",
        "head": "Remodeling 3",
        "desc": "Lorem ipsum, dolor sit amet consectetur",
        "hrefimg": "assets/img/projects/remodeling-3.jpg",
        "iconzoom": "bi bi-zoom-in",
        "href": "/project-details",
        "iconlink": "bi bi-link-45deg"
    },
    {
        "index":"construction",
        "class": "col-lg-4 col-md-6 portfolio-item filter-construction",
        "img": "assets/img/projects/construction-3.jpg",
        "head": "Construction 3",
        "desc": "Lorem ipsum, dolor sit amet consectetur",
        "hrefimg": "assets/img/projects/remodeling-3.jpg",
        "iconzoom": "bi bi-zoom-in",
        "href": "/project-details",
        "iconlink": "bi bi-link-45deg"
    },
    {
        "index":"repairs",
        "class": "col-lg-4 col-md-6 portfolio-item filter-repairs",
        "img": "assets/img/projects/repairs-3.jpg",
        "head": "Repairs 3",
        "desc": "Lorem ipsum, dolor sit amet consectetur",
        "hrefimg": "assets/img/projects/repairs-3.jpg",
        "iconzoom": "bi bi-zoom-in",
        "href": "/project-details",
        "iconlink": "bi bi-link-45deg"
    },
    {
        "index":"design",
        "class": "col-lg-4 col-md-6 portfolio-item filter-design",
        "img": "assets/img/projects/design-3.jpg",
        "head": "Design 3",
        "desc": "Lorem ipsum, dolor sit amet consectetur",
        "hrefimg": "assets/img/projects/design-3.jpg",
        "iconzoom": "bi bi-zoom-in",
        "href": "/project-details",
        "iconlink": "bi bi-link-45deg"
    }
]