

[
    {
        "altservicon": "bi bi-easel flex-shrink-0",
        "altservboxtitle" : "Lorem Ipsum",
        "altservboxdesc" : "Voluptatum deleniti atque corrupti quos dolores et quas molestias excepturi sint occaecati cupiditate non provident"
    },
    {
        "altservicon": "bi bi-patch-check flex-shrink-0",
        "altservboxtitle" : "Nemo Enim",
        "altservboxdesc" : "At vero eos et accusamus et iusto odio dignissimos ducimus qui blanditiis praesentium voluptatum deleniti atque"
    },
    {
        "altservicon": "bi bi-brightness-high flex-shrink-0",
        "altservboxtitle" : "Dine Pad",
        "altservboxdesc" : "Explicabo est voluptatum asperiores consequatur magnam. Et veritatis odit. Sunt aut deserunt minus aut eligendi omnis"
    },
    {
        "altservicon": "bi bi-brightness-high flex-shrink-0",
        "altservboxtitle" : "Tride clov",
        "altservboxdesc" : "Est voluptatem labore deleniti quis a delectus et. Saepe dolorem libero sit non aspernatur odit amet. Et eligendi"
    }



   


]
