[
    {
        "img": "assets/img/blog/blog-recent-1.jpg",
        "link": "/blog-details",
        "title": "Nihil blanditiis at in nihil autem",
        "date": "Jan 1, 2020"
    },
    {
        "img": "assets/img/blog/blog-recent-2.jpg",
        "link": "/blog-details",
        "title": "Quidem autem et impedit",
        "date": "Jan 1, 2020"
    },
    {
        "img": "assets/img/blog/blog-recent-3.jpg",
        "link": "/blog-details",
        "title": "Id quia et et ut maxime similique occaecati ut",
        "date": "Jan 1, 2020"
    },
    {
        "img": "assets/img/blog/blog-recent-4.jpg",
        "link": "/blog-details",
        "title": "Laborum corporis quo dara net para",
        "date": "Jan 1, 2020"
    },
    {
        "img": "assets/img/blog/blog-recent-5.jpg",
        "link": "/blog-details",
        "title": "Et dolores corrupti quae illo quod dolor",
        "date": "Jan 1, 2020"
    }
]