[
    {
        
        "blogimg": "assets/img/blog/blog-1.jpg",
        "blogimgdate": "December 12",
        "blogposttitle": "Eum ad dolor et. Autem aut fugiat debitis",
        "blogpersonicon":"bi bi-person",
        "blogpersontitle":"Julia Parker",
        "blogfoldericon":"bi bi-folder2",
        "blogfoldertitle":"Politics",
        "blogreadlink": "/blog-details",
        "blogreadlinktext": "Read More",
        "blogreadlinkicon": "bi bi-arrow-right",
        "blogpostdesc": "Similique neque nam consequuntur ad non maxime aliquam quas. Quibusdam animi praesentium. Aliquam et laboriosam eius aut nostrum quidem aliquid dicta."
        
        
    },
    { 
        "blogimg": "assets/img/blog/blog-2.jpg",
        "blogimgdate": "July 17",
        "blogposttitle": "Et repellendus molestiae qui est sed omnis",
        "blogpersonicon":"bi bi-person",
        "blogpersontitle":"Mario Douglas",
        "blogfoldericon":"bi bi-folder2",
        "blogfoldertitle":"Sports",
        "blogreadlink": "/blog-details",
        "blogreadlinktext": "Read More",
        "blogreadlinkicon": "bi bi-arrow-right",
        "blogpostdesc": "Similique neque nam consequuntur ad non maxime aliquam quas. Quibusdam animi praesentium. Aliquam et laboriosam eius aut nostrum quidem aliquid dicta."

    },
    { 
        "blogimg": "assets/img/blog/blog-3.jpg",
        "blogimgdate": "September 05",
        "blogposttitle": "Quia assumenda est et veritati tirana ploder",
        "blogpersonicon":"bi bi-person",
        "blogpersontitle":"Lisa Hunter",
        "blogfoldericon":"bi bi-folder2",
        "blogfoldertitle":"Economics",
        "blogreadlink": "/blog-details",
        "blogreadlinktext": "Read More",
        "blogreadlinkicon": "bi bi-arrow-right",
        "blogpostdesc": "Similique neque nam consequuntur ad non maxime aliquam quas. Quibusdam animi praesentium. Aliquam et laboriosam eius aut nostrum quidem aliquid dicta."

    },
    { 
        "blogimg": "assets/img/blog/blog-4.jpg",
        "blogimgdate": "August 05",
        "blogposttitle": "Non rem rerum nam cum quo minus. Dolor distinctio deleniti explicabo eius exercitationem.",
        "blogpersonicon":"bi bi-person",
        "blogpersontitle":"Maria Doe",
        "blogfoldericon":"bi bi-folder2",
        "blogfoldertitle":"Sports",
        "blogreadlink": "/blog-details",
        "blogreadlinktext": "Read More",
        "blogreadlinkicon": "bi bi-arrow-right",
        "blogpostdesc": "Similique neque nam consequuntur ad non maxime aliquam quas. Quibusdam animi praesentium. Aliquam et laboriosam eius aut nostrum quidem aliquid dicta."

    },
    { 
        "blogimg": "assets/img/blog/blog-5.jpg",
        "blogimgdate": "September 17",
        "blogposttitle": "Accusamus quaerat aliquam qui debitis facilis consequatur",
        "blogpersonicon":"bi bi-person",
        "blogpersontitle":"John Parker",
        "blogfoldericon":"bi bi-folder2",
        "blogfoldertitle":"Politics",
        "blogreadlink": "/blog-details",
        "blogreadlinktext": "Read More",
        "blogreadlinkicon": "bi bi-arrow-right",
        "blogpostdesc": "Similique neque nam consequuntur ad non maxime aliquam quas. Quibusdam animi praesentium. Aliquam et laboriosam eius aut nostrum quidem aliquid dicta."

    },
    { 
        "blogimg": "assets/img/blog/blog-6.jpg",
        "blogimgdate": "December 07",
        "blogposttitle": "Distinctio provident quibusdam numquam aperiam aut",
        "blogpersonicon":"bi bi-person",
        "blogpersontitle":"Julia White",
        "blogfoldericon":"bi bi-folder2",
        "blogfoldertitle":"Economics",
        "blogreadlink": "/blog-details",
        "blogreadlinktext": "Read More",
        "blogreadlinkicon": "bi bi-arrow-right",
        "blogpostdesc": "Similique neque nam consequuntur ad non maxime aliquam quas. Quibusdam animi praesentium. Aliquam et laboriosam eius aut nostrum quidem aliquid dicta."

    }


    
]