[
    {
        "ourteamsociallink": "/about",
        "ourteamimgpro": "assets/img/team/team-1.jpg",
        "ourtwittericon": "bi bi-twitter",
        "ourfacebookicon": "bi bi-facebook",
        "ourinstagramicon": "bi bi-instagram",
        "ourlinkedinicon": "bi bi-linkedin",
        "ourtemtitle" : "Walter White",
        "ourtemspan" : "Chief Executive Officer",
        "ourtemdesc" : "Aliquam iure quaerat voluptatem praesentium possimus unde laudantium vel dolorum distinctio dire flow"

    },
    {
        "ourteamimgpro": "assets/img/team/team-2.jpg",
        "ourtwittericon": "bi bi-twitter",
        "ourfacebookicon": "bi bi-facebook",
        "ourinstagramicon": "bi bi-instagram",
        "ourlinkedinicon": "bi bi-linkedin",
        "ourtemtitle" : "Sarah Jhonson",
        "ourtemspan" : "Product Manager",
        "ourtemdesc" : "Labore ipsam sit consequatur exercitationem rerum laboriosam laudantium aut quod dolores exercitationem ut"

    },
    {
        "ourteamimgpro": "assets/img/team/team-3.jpg",
        "ourtwittericon": "bi bi-twitter",
        "ourfacebookicon": "bi bi-facebook",
        "ourinstagramicon": "bi bi-instagram",
        "ourlinkedinicon": "bi bi-linkedin",
        "ourtemtitle" : "William Anderson",
        "ourtemspan" : "CTO",
        "ourtemdesc" : "Illum minima ea autem doloremque ipsum quidem quas aspernatur modi ut praesentium vel tque sed facilis at qui"

    },
    {
        "ourteamimgpro": "assets/img/team/team-4.jpg",
        "ourtwittericon": "bi bi-twitter",
        "ourfacebookicon": "bi bi-facebook",
        "ourinstagramicon": "bi bi-instagram",
        "ourlinkedinicon": "bi bi-linkedin",
        "ourtemtitle" : "Amanda Jepson",
        "ourtemspan" : "Accountant",
        "ourtemdesc" : "Magni voluptatem accusamus assumenda cum nisi aut qui dolorem voluptate sed et veniam quasi quam consectetur"

    },
    {
        "ourteamimgpro": "assets/img/team/team-5.jpg",
        "ourtwittericon": "bi bi-twitter",
        "ourfacebookicon": "bi bi-facebook",
        "ourinstagramicon": "bi bi-instagram",
        "ourlinkedinicon": "bi bi-linkedin",
        "ourtemtitle" : "Brian Doe",
        "ourtemspan" : "Marketing",
        "ourtemdesc" : "Qui consequuntur quos accusamus magnam quo est molestiae eius laboriosam sunt doloribus quia impedit laborum velit"

    },
    {
        "ourteamimgpro": "assets/img/team/team-6.jpg",
        "ourtwittericon": "bi bi-twitter",
        "ourfacebookicon": "bi bi-facebook",
        "ourinstagramicon": "bi bi-instagram",
        "ourlinkedinicon": "bi bi-linkedin",
        "ourtemtitle" : "Josepha Palas",
        "ourtemspan" : "Operation",
        "ourtemdesc" : "Sint sint eveniet explicabo amet consequatur nesciunt error enim rerum earum et omnis fugit eligendi cupiditate vel"

    }
]