{
    "prointitle": "This is an example of portfolio detail",
    "proindesc1": "Autem ipsum nam porro corporis rerum. Quis eos dolorem eos itaque inventore commodi labore quia quia. Exercitationem repudiandae officiis neque suscipit non officia eaque itaque enim. Voluptatem officia accusantium nesciunt est omnis tempora consectetur dignissimos. Sequi nulla at esse enim cum deserunt eius.",
    "proindesc2": "Amet consequatur qui dolore veniam voluptatem voluptatem sit. Non aspernatur atque natus ut cum nam et. Praesentium error dolores rerum minus sequi quia veritatis eum. Eos et doloribus doloremque nesciunt molestiae laboriosam.",
    "proquticonleft": "bi bi-quote quote-icon-left",
    "proindesc3": "Export tempor illum tamen malis malis eram quae irure esse labore quem cillum quid cillum eram malis quorum velit fore eram velit sunt aliqua noster fugiat irure amet legam anim culpa.",
    "proquticonright": "bi bi-quote quote-icon-right",
    "proinfoimg": "assets/img/testimonials/testimonials-2.jpg",
    "proquttitle": "Sara Wilsson",
    "proqutsubtitle":"Designer",
    "proindesc4":"Impedit ipsum quae et aliquid doloribus et voluptatem quasi. Perspiciatis occaecati earum et magnam animi. Quibusdam non qui ea vitae suscipit vitae sunt. Repudiandae incidunt cumque minus deserunt assumenda tempore. Delectus voluptas necessitatibus est.",
    "proindesc5": "Sunt voluptatum sapiente facilis quo odio aut ipsum repellat debitis. Molestiae et autem libero. Explicabo et quod necessitatibus similique quis dolor eum. Numquam eaque praesentium rem et qui nesciunt."


}