
    {
        "servicdetailsidetitle": "Enim qui eos rerum in delectus",
        "servicdetailsidedesc": "Nam voluptatem quasi numquam quas fugiat ex temporibus quo est. Quia aut quam quod facere ut non occaecati ut aut. Nesciunt mollitia illum tempore corrupti sed eum reiciendis. Maxime modi rerum.",
        "servicdetailrightimg": "assets/img/services.jpg",
        "servicdetailrighttile": "Temporibus et in vero dicta aut eius lidero plastis trand lined voluptas dolorem ut voluptas",
        "servicdetailrightdesc": "Blanditiis voluptate odit ex error ea sed officiis deserunt. Cupiditate non consequatur et doloremque consequuntur. Accusantium labore reprehenderit error temporibus saepe perferendis fuga doloribus vero. Qui omnis quo sit. Dolorem architecto eum et quos deleniti officia qui.",
        "servicdetailrightdesc1":"Est reprehenderit voluptatem necessitatibus asperiores neque sed ea illo. Deleniti quam sequi optio iste veniam repellat odit. Aut pariatur itaque nesciunt fuga.",
        "servicdetailrightdesc2" : "Sunt rem odit accusantium omnis perspiciatis officia. Laboriosam aut consequuntur recusandae mollitia doloremque est architecto cupiditate ullam. Quia est ut occaecati fuga. Distinctio ex repellendus eveniet velit sint quia sapiente cumque. Et ipsa perferendis ut nihil. Laboriosam vel voluptates tenetur nostrum. Eaque iusto cupiditate et totam et quia dolorum in. Sunt molestiae ipsum at consequatur vero. Architecto ut pariatur autem ad non cumque nesciunt qui maxime. Sunt eum quia impedit dolore alias explicabo ea."
    }
