[
    {
        "sercardtitle": "Quasi eaque omnis",
        "sercarddesc": "Eius non minus autem soluta ut ui labore omnis quisquam corrupti autem odit voluptas quos commodi magnam occaecati.",
        "sercardicon": "bi bi-check2",
        "sercardlist1": "Ullamco laboris nisi ut aliquip",
        "sercardlist2": "Duis aute irure dolor in reprehenderit",
        "sercardlist3": "Ullamco laboris nisi ut aliquip ex ea"
    },
    {
        "sercardtitle": "Et nemo dolores consectetur",
        "sercarddesc": "Ducimus ea quam et occaecati est. Temporibus in soluta labore voluptates aut. Et sit soluta non repellat sed quia dire plovers tradoria",
        "sercardicon": "bi bi-check2",
        "sercardlist1": "Enim temporibus maiores eligendi",
        "sercardlist2": "Ut maxime ut quibusdam quam qui",
        "sercardlist3": "Officiis aspernatur in officiis"
    },
    {
        "sercardtitle": "Staque laboriosam modi",
        "sercarddesc": "Velit eos error et dolor omnis voluptates nobis tenetur sed enim nihil vero qui suscipit ipsum at magni. Ipsa architecto consequatur aliquam",
        "sercardicon": "bi bi-check2",
        "sercardlist1": "Quis voluptates laboriosam numquam",
        "sercardlist2": "Treva libero sunt quis veniam ut",
        "sercardlist3": "Debitis eos est est corrupti"
    },
    {
        "sercardtitle": "Dignissimos suscipit iste",
        "sercarddesc": "Molestiae occaecati assumenda quia saepe nobis recusandae at dicta ducimus sequi numquam commodi est in consequatur ea magnam quia itaque",
        "sercardicon": "bi bi-check2",
        "sercardlist1": "Veritatis qui reprehenderit quis",
        "sercardlist2": "Accusantium vel numquam sunt minus",
        "sercardlist3": "Voluptatem pariatur est sationem"
    }
]