[
    {
        "testiprofileimg": "assets/img/testimonials/testimonials-1.jpg",
        "testiboxtitle": "Saul Goodman",
        "testiboxsubtitle": "Ceo & Founder",
        "testiboxstaricon": "bi bi-star-fill",
        "testiboxqutlefticon": "bi bi-quote quote-icon-left",
        "testiboxqutdesc": " Proin iaculis purus consequat sem cure digni ssim donec porttitora entum suscipit rhoncus.Accusantium quam, ultricies eget id, aliquam eget nibh et. Maecen aliquam, risus at semper.",
        "testiboxqutrightticon": "bi bi-quote quote-icon-right"
    },
    {
        "testiprofileimg": "assets/img/testimonials/testimonials-2.jpg",
        "testiboxtitle": "Sara Wilsson",
        "testiboxsubtitle": "Designer",
        "testiboxstaricon": "bi bi-star-fill",
        "testiboxqutlefticon": "bi bi-quote quote-icon-left",
        "testiboxqutdesc": " Export tempor illum tamen malis malis eram quae irure esse labore quem cillum quid cillum eram malis quorum velit fore eram velit sunt aliqua noster fugiat irure amet legam anim culpa.",
        "testiboxqutrightticon": "bi bi-quote quote-icon-right"
    },
    {
        "testiprofileimg": "assets/img/testimonials/testimonials-3.jpg",
        "testiboxtitle": "Jena Karlis",
        "testiboxsubtitle": "Store Owner",
        "testiboxstaricon": "bi bi-star-fill",
        "testiboxqutlefticon": "bi bi-quote quote-icon-left",
        "testiboxqutdesc": "Enim nisi quem export duis labore cillum quae magna enim sint quorum nulla quem veniam duis minim tempor labore quem eram duis noster aute amet eram fore quis sint minim.",
        "testiboxqutrightticon": "bi bi-quote quote-icon-right"
    },
    {
        "testiprofileimg": "assets/img/testimonials/testimonials-4.jpg",
        "testiboxtitle": "Matt Brandon",
        "testiboxsubtitle": "Freelancer",
        "testiboxstaricon": "bi bi-star-fill",
        "testiboxqutlefticon": "bi bi-quote quote-icon-left",
        "testiboxqutdesc": "Fugiat enim eram quae cillum dolore dolor amet nulla culpa multos export minim fugiat minim velit minim dolor enim duis veniam ipsum anim magna sunt elit fore quem dolore labore illum veniam.",
        "testiboxqutrightticon": "bi bi-quote quote-icon-right"
    },
    {
        "testiprofileimg": "assets/img/testimonials/testimonials-5.jpg",
        "testiboxtitle": "John Larson",
        "testiboxsubtitle": "Entrepreneur",
        "testiboxstaricon": "bi bi-star-fill",
        "testiboxqutlefticon": "bi bi-quote quote-icon-left",
        "testiboxqutdesc": "Quis quorum aliqua sint quem legam fore sunt eram irure aliqua veniam tempor noster veniam enim culpa labore duis sunt culpa nulla illum cillum fugiat legam esse veniam culpa fore nisi cillum quid.",
        "testiboxqutrightticon": "bi bi-quote quote-icon-right"
    },
    {
        "testiprofileimg": "assets/img/testimonials/testimonials-1.jpg",
        "testiboxtitle": "Saul Goodman",
        "testiboxsubtitle": "Ceo & Founder",
        "testiboxstaricon": "bi bi-star-fill",
        "testiboxqutlefticon": "bi bi-quote quote-icon-left",
        "testiboxqutdesc": " Proin iaculis purus consequat sem cure digni ssim donec porttitora entum suscipit rhoncus.Accusantium quam, ultricies eget id, aliquam eget nibh et. Maecen aliquam, risus at semper.",
        "testiboxqutrightticon": "bi bi-quote quote-icon-right"
    },
    {
        "testiprofileimg": "assets/img/testimonials/testimonials-2.jpg",
        "testiboxtitle": "Sara Wilsson",
        "testiboxsubtitle": "Designer",
        "testiboxstaricon": "bi bi-star-fill",
        "testiboxqutlefticon": "bi bi-quote quote-icon-left",
        "testiboxqutdesc": " Export tempor illum tamen malis malis eram quae irure esse labore quem cillum quid cillum eram malis quorum velit fore eram velit sunt aliqua noster fugiat irure amet legam anim culpa.",
        "testiboxqutrightticon": "bi bi-quote quote-icon-right"
    },
    {
        "testiprofileimg": "assets/img/testimonials/testimonials-3.jpg",
        "testiboxtitle": "Jena Karlis",
        "testiboxsubtitle": "Store Owner",
        "testiboxstaricon": "bi bi-star-fill",
        "testiboxqutlefticon": "bi bi-quote quote-icon-left",
        "testiboxqutdesc": "Enim nisi quem export duis labore cillum quae magna enim sint quorum nulla quem veniam duis minim tempor labore quem eram duis noster aute amet eram fore quis sint minim.",
        "testiboxqutrightticon": "bi bi-quote quote-icon-right"
    },
    {
        "testiprofileimg": "assets/img/testimonials/testimonials-4.jpg",
        "testiboxtitle": "Matt Brandon",
        "testiboxsubtitle": "Freelancer",
        "testiboxstaricon": "bi bi-star-fill",
        "testiboxqutlefticon": "bi bi-quote quote-icon-left",
        "testiboxqutdesc": "Fugiat enim eram quae cillum dolore dolor amet nulla culpa multos export minim fugiat minim velit minim dolor enim duis veniam ipsum anim magna sunt elit fore quem dolore labore illum veniam.",
        "testiboxqutrightticon": "bi bi-quote quote-icon-right"
    },
    {
        "testiprofileimg": "assets/img/testimonials/testimonials-5.jpg",
        "testiboxtitle": "John Larson",
        "testiboxsubtitle": "Entrepreneur",
        "testiboxstaricon": "bi bi-star-fill",
        "testiboxqutlefticon": "bi bi-quote quote-icon-left",
        "testiboxqutdesc": "Quis quorum aliqua sint quem legam fore sunt eram irure aliqua veniam tempor noster veniam enim culpa labore duis sunt culpa nulla illum cillum fugiat legam esse veniam culpa fore nisi cillum quid.",
        "testiboxqutrightticon": "bi bi-quote quote-icon-right"
    }
    
    
]